{
  "uncalibrated": {
    "train": {
      "roc_auc": 0.8793653333326706,
      "pr_auc": 0.07961855624705627,
      "log_loss": 0.0899416550302835,
      "brier": 0.019828352933022663,
      "base_rate": 0.020439297124600637,
      "n": 125200
    },
    "val": {
      "roc_auc": 0.8640788324504162,
      "pr_auc": 0.06866576086069433,
      "log_loss": 0.09131318877806366,
      "brier": 0.019608668142384326,
      "base_rate": 0.019644588045234248,
      "n": 30950
    },
    "test": {
      "roc_auc": 0.8744726436120497,
      "pr_auc": 0.0807258587773238,
      "log_loss": 0.09281794588998399,
      "brier": 0.020714874763461344,
      "base_rate": 0.021543764618983136,
      "n": 24369
    }
  },
  "calibrated": {
    "train": {
      "roc_auc": 0.8767196589527999,
      "pr_auc": 0.07802561557613095,
      "log_loss": 0.07257935268633556,
      "brier": 0.018902735354786312,
      "base_rate": 0.020439297124600637,
      "n": 125200
    },
    "val": {
      "roc_auc": 0.8648528756821359,
      "pr_auc": 0.06901854404440937,
      "log_loss": 0.0716467865333402,
      "brier": 0.018299513500714952,
      "base_rate": 0.019644588045234248,
      "n": 30950
    },
    "test": {
      "roc_auc": 0.8709564949952469,
      "pr_auc": 0.07860711814843879,
      "log_loss": 0.07592170545653468,
      "brier": 0.019891476209298143,
      "base_rate": 0.021543764618983136,
      "n": 24369
    }
  }
}