{
  "uncalibrated": {
    "train": {
      "roc_auc": 0.8830289960796479,
      "pr_auc": 0.08804359525477622,
      "log_loss": 0.09325502585112633,
      "brier": 0.020879766534758905,
      "base_rate": 0.022052715654952076,
      "n": 125200
    },
    "val": {
      "roc_auc": 0.8669817388341988,
      "pr_auc": 0.08482833296887014,
      "log_loss": 0.1003499430368952,
      "brier": 0.02278267911636203,
      "base_rate": 0.024038772213247173,
      "n": 30950
    },
    "test": {
      "roc_auc": 0.8768369130903025,
      "pr_auc": 0.08731119450210098,
      "log_loss": 0.09768898867524003,
      "brier": 0.021821852188233577,
      "base_rate": 0.02285690836718782,
      "n": 24369
    }
  },
  "calibrated": {
    "train": {
      "roc_auc": 0.8827405673753163,
      "pr_auc": 0.08785658143741336,
      "log_loss": 0.07639138716594468,
      "brier": 0.020238462512846625,
      "base_rate": 0.022052715654952076,
      "n": 125200
    },
    "val": {
      "roc_auc": 0.8679188968723013,
      "pr_auc": 0.0853195766164141,
      "log_loss": 0.08261351232405956,
      "brier": 0.022022880118380557,
      "base_rate": 0.024038772213247173,
      "n": 30950
    },
    "test": {
      "roc_auc": 0.8772827302800724,
      "pr_auc": 0.08746566951119134,
      "log_loss": 0.07907807354447607,
      "brier": 0.020985608984795807,
      "base_rate": 0.02285690836718782,
      "n": 24369
    }
  }
}