{
  "uncalibrated": {
    "train": {
      "roc_auc": 0.8335586465453648,
      "pr_auc": 0.8760817332331124,
      "log_loss": 0.5114875564269092,
      "brier": 0.17162147457224247,
      "base_rate": 0.5496645367412141,
      "n": 125200
    },
    "val": {
      "roc_auc": 0.7123260881807139,
      "pr_auc": 0.7927980340609141,
      "log_loss": 0.5876635793204364,
      "brier": 0.20517240358687547,
      "base_rate": 0.5405169628432956,
      "n": 30950
    },
    "test": {
      "roc_auc": 0.7337832243340634,
      "pr_auc": 0.8089706058104532,
      "log_loss": 0.5746508665963532,
      "brier": 0.1993272017766587,
      "base_rate": 0.5511100168246543,
      "n": 24369
    }
  },
  "calibrated": {
    "train": {
      "roc_auc": 0.792915373246508,
      "pr_auc": 0.8243461114607,
      "log_loss": 0.528818740540015,
      "brier": 0.18127891550057906,
      "base_rate": 0.5496645367412141,
      "n": 125200
    },
    "val": {
      "roc_auc": 0.7176143629127604,
      "pr_auc": 0.7630624797058966,
      "log_loss": 0.572264159441279,
      "brier": 0.20085307156423893,
      "base_rate": 0.5405169628432956,
      "n": 30950
    },
    "test": {
      "roc_auc": 0.7287463744148914,
      "pr_auc": 0.7790951068513721,
      "log_loss": 0.5647953115635156,
      "brier": 0.1974941598231651,
      "base_rate": 0.5511100168246543,
      "n": 24369
    }
  }
}